Vendedor,Valor Meta,Vl. Faturado,Vl. Parado,Vlr Total,% Ating,Qtd Meta,Qtd Cx Faturado,Qtd Cx Paradas,Total Caixas,% Vol Ating,Meta Pos,Cl. Pos.,% Ating
Totais,"R$ 16.083.031,29","R$ 16.568.902,98","R$ 0,00","R$ 16.568.902,98","103,02%","121.637,00","120.120,23","0,00","120.120,23","98,75%",17.786,3925,"22,07%"
APP,"R$ 0,00","R$ 93.127,50","R$ 0,00","R$ 93.127,50",-,"0,00","644,36","0,00","644,36",-,0,127,-
ROTA 02,"R$ 475.089,63","R$ 509.243,04","R$ 0,00","R$ 509.243,04","107,19%","3.890,86","4.496,03","0,00","4.496,03","115,55%",140,49,"35,00%"
ROTA 03,"R$ 292.839,23","R$ 322.638,66","R$ 0,00","R$ 322.638,66","110,18%","2.648,06","2.722,51","0,00","2.722,51","102,81%",122,28,"22,95%"
ROTA 04,"R$ 266.314,91","R$ 305.552,11","R$ 0,00","R$ 305.552,11","114,73%","2.273,33","2.530,41","0,00","2.530,41","111,31%",78,26,"33,33%"
ROTA 05,"R$ 218.022,09","R$ 236.176,66","R$ 0,00","R$ 236.176,66","108,33%","1.851,58","1.933,06","0,00","1.933,06","104,40%",91,32,"35,16%"
ROTA 06,"R$ 553.270,31","R$ 438.972,86","R$ 0,00","R$ 438.972,86","79,34%","4.662,27","3.393,79","0,00","3.393,79","72,79%",60,26,"43,33%"
ROTA 11,"R$ 181.211,78","R$ 185.931,51","R$ 0,00","R$ 185.931,51","102,60%","1.050,08","947,39","0,00","947,39","90,22%",97,32,"32,99%"
ROTA 12,"R$ 511.099,30","R$ 769.515,00","R$ 0,00","R$ 769.515,00","150,56%","3.136,69","3.472,52","0,00","3.472,52","110,71%",64,22,"34,38%"
ROTA 13,"R$ 293.618,42","R$ 326.624,53","R$ 0,00","R$ 326.624,53","111,24%","1.665,13","1.762,68","0,00","1.762,68","105,86%",142,32,"22,54%"
ROTA 14,"R$ 242.626,06","R$ 276.209,70","R$ 0,00","R$ 276.209,70","113,84%","1.427,22","1.599,33","0,00","1.599,33","112,06%",173,48,"27,75%"
ROTA 15,"R$ 284.600,93","R$ 281.769,79","R$ 0,00","R$ 281.769,79","99,01%","2.117,45","1.864,59","0,00","1.864,59","88,06%",89,37,"41,57%"
ROTA 21,"R$ 244.335,60","R$ 259.873,87","R$ 0,00","R$ 259.873,87","106,36%","1.329,42","1.368,79","0,00","1.368,79","102,96%",374,105,"28,07%"
ROTA 22,"R$ 164.014,89","R$ 142.184,11","R$ 0,00","R$ 142.184,11","86,69%","942,40","731,51","0,00","731,51","77,62%",356,100,"28,09%"
ROTA 23,"R$ 294.432,51","R$ 303.502,54","R$ 0,00","R$ 303.502,54","103,08%","1.613,64","1.628,89","0,00","1.628,89","100,95%",376,92,"24,47%"
ROTA 26,"R$ 329.771,59","R$ 349.545,35","R$ 0,00","R$ 349.545,35","106,00%","1.789,89","1.873,36","0,00","1.873,36","104,66%",389,115,"29,56%"
ROTA 31,"R$ 140.927,29","R$ 148.739,53","R$ 0,00","R$ 148.739,53","105,54%","1.315,73","1.389,89","0,00","1.389,89","105,64%",286,103,"36,01%"
ROTA 31 VD,"R$ 158.473,79","R$ 163.063,00","R$ 0,00","R$ 163.063,00","102,90%","1.060,40","1.144,52","0,00","1.144,52","107,93%",422,93,"22,04%"
ROTA 34,"R$ 85.832,58","R$ 86.480,71","R$ 0,00","R$ 86.480,71","100,76%","799,38","805,49","0,00","805,49","100,76%",355,112,"31,55%"
ROTA 34 VD,"R$ 123.796,23","R$ 119.801,14","R$ 0,00","R$ 119.801,14","96,77%","603,44","531,96","0,00","531,96","88,15%",524,130,"24,81%"
ROTA 36,"R$ 122.387,99","R$ 118.006,18","R$ 0,00","R$ 118.006,18","96,42%","1.168,66","1.081,65","0,00","1.081,65","92,55%",292,111,"38,01%"
ROTA 36 VD,"R$ 103.017,00","R$ 86.696,15","R$ 0,00","R$ 86.696,15","84,16%","661,72","511,03","0,00","511,03","77,23%",433,84,"19,40%"
ROTA 38,"R$ 124.835,05","R$ 144.226,40","R$ 0,00","R$ 144.226,40","115,53%","1.156,67","1.238,07","0,00","1.238,07","107,04%",331,101,"30,51%"
ROTA 38 VD,"R$ 135.280,53","R$ 144.760,55","R$ 0,00","R$ 144.760,55","107,01%","874,81","998,93","0,00","998,93","114,19%",493,94,"19,07%"
ROTA 51,"R$ 169.973,89","R$ 184.067,09","R$ 0,00","R$ 184.067,09","108,29%","1.623,11","1.707,53","0,00","1.707,53","105,20%",327,129,"39,45%"
ROTA 51 VD,"R$ 196.256,97","R$ 148.280,07","R$ 0,00","R$ 148.280,07","75,55%","1.331,87","1.245,51","0,00","1.245,51","93,52%",479,121,"25,26%"
ROTA 54,"R$ 207.270,86","R$ 183.209,30","R$ 0,00","R$ 183.209,30","88,39%","1.941,72","1.784,87","0,00","1.784,87","91,92%",315,123,"39,05%"
ROTA 54 VD,"R$ 285.080,40","R$ 347.883,74","R$ 0,00","R$ 347.883,74","122,03%","1.927,06","1.866,99","0,00","1.866,99","96,88%",457,131,"28,67%"
ROTA 55,"R$ 179.763,19","R$ 206.890,53","R$ 0,00","R$ 206.890,53","115,09%","1.661,32","1.736,36","0,00","1.736,36","104,52%",296,92,"31,08%"
ROTA 55 VD,"R$ 286.907,91","R$ 365.318,22","R$ 0,00","R$ 365.318,22","127,33%","1.910,97","2.047,90","0,00","2.047,90","107,17%",406,116,"28,57%"
ROTA 58 GERAL,"R$ 248.113,73","R$ 220.313,18","R$ 0,00","R$ 220.313,18","88,80%","1.984,06","1.800,70","0,00","1.800,70","90,76%",677,128,"18,91%"
ROTA 59 GERAL,"R$ 170.961,96","R$ 130.888,54","R$ 0,00","R$ 130.888,54","76,56%","1.333,71","991,92","0,00","991,92","74,37%",495,90,"18,18%"
ROTA 70,"R$ 0,00","R$ 303.305,20","R$ 0,00","R$ 303.305,20",-,"0,00","2.052,12","0,00","2.052,12",-,0,9,-
ROTA 71,"R$ 242.658,89","R$ 284.842,21","R$ 0,00","R$ 284.842,21","117,38%","2.478,11","2.971,10","0,00","2.971,10","119,89%",288,121,"42,01%"
ROTA 71 VD,"R$ 197.965,09","R$ 229.693,36","R$ 0,00","R$ 229.693,36","116,03%","1.581,65","1.670,07","0,00","1.670,07","105,59%",321,107,"33,33%"
ROTA 72,"R$ 289.067,44","R$ 331.157,58","R$ 0,00","R$ 331.157,58","114,56%","2.809,47","3.247,46","0,00","3.247,46","115,59%",304,115,"37,83%"
ROTA 72 VD,"R$ 218.525,95","R$ 221.978,05","R$ 0,00","R$ 221.978,05","101,58%","1.443,93","1.250,18","0,00","1.250,18","86,58%",435,100,"22,99%"
ROTA 74,"R$ 140.401,50","R$ 142.275,84","R$ 0,00","R$ 142.275,84","101,33%","1.392,09","1.458,66","0,00","1.458,66","104,78%",311,117,"37,62%"
ROTA 74 VD,"R$ 201.511,11","R$ 219.384,99","R$ 0,00","R$ 219.384,99","108,87%","1.403,05","1.255,28","0,00","1.255,28","89,47%",444,130,"29,28%"
ROTA 75,"R$ 182.810,84","R$ 13.034,16","R$ 0,00","R$ 13.034,16","7,13%","1.836,79","124,82","0,00","124,82","6,80%",261,26,"9,96%"
ROTA 75 VD,"R$ 204.700,82","R$ 109.200,20","R$ 0,00","R$ 109.200,20","53,35%","1.344,51","547,32","0,00","547,32","40,71%",388,67,"17,27%"
ROTA 77,"R$ 212.192,29","R$ 359.810,25","R$ 0,00","R$ 359.810,25","169,57%","2.117,67","3.644,08","0,00","3.644,08","172,08%",274,111,"40,51%"
ROTA 77 VD,"R$ 142.356,93","R$ 162.836,95","R$ 0,00","R$ 162.836,95","114,39%","1.056,31","1.042,75","0,00","1.042,75","98,72%",311,111,"35,69%"
ROTA 91,"R$ 226.409,75","R$ 187.286,60","R$ 0,00","R$ 187.286,60","82,72%","2.115,83","1.683,80","0,00","1.683,80","79,58%",267,99,"37,08%"
ROTA 91 VD,"R$ 300.929,34","R$ 329.639,15","R$ 0,00","R$ 329.639,15","109,54%","2.360,76","2.140,42","0,00","2.140,42","90,67%",375,105,"28,00%"
ROTA 92,"R$ 176.529,55","R$ 105.225,81","R$ 0,00","R$ 105.225,81","59,61%","1.672,60","913,43","0,00","913,43","54,61%",274,109,"39,78%"
ROTA 92 VD,"R$ 222.576,76","R$ 109.059,00","R$ 0,00","R$ 109.059,00","49,00%","1.604,56","771,40","0,00","771,40","48,08%",387,112,"28,94%"
ROTA 94,"R$ 415.218,74","R$ 194.316,79","R$ 0,00","R$ 194.316,79","46,80%","3.405,83","1.734,86","0,00","1.734,86","50,94%",176,66,"37,50%"
ROTA 94 VD,"R$ 486.564,10","R$ 285.607,10","R$ 0,00","R$ 285.607,10","58,70%","4.003,09","1.794,20","0,00","1.794,20","44,82%",234,68,"29,06%"
ROTA 111,"R$ 2.345.276,40","R$ 2.505.810,13","R$ 0,00","R$ 2.505.810,13","106,84%","11.525,17","11.878,11","0,00","11.878,11","103,06%",0,113,-
ROTA 113,"R$ 1.896.831,73","R$ 1.896.847,82","R$ 0,00","R$ 1.896.847,82","100,00%","19.267,41","20.481,80","0,00","20.481,80","106,30%",0,102,-
ROTA 301,"R$ 183.874,99","R$ 199.356,79","R$ 0,00","R$ 199.356,79","108,42%","1.328,83","1.621,70","0,00","1.621,70","122,04%",0,164,-
ROTA 302,"R$ 400.380,67","R$ 440.277,13","R$ 0,00","R$ 440.277,13","109,96%","2.488,89","2.531,66","0,00","2.531,66","101,72%",0,212,-
VAR 01,"R$ 38.393,16","R$ 34.967,88","R$ 0,00","R$ 34.967,88","91,08%","308,95","241,60","0,00","241,60","78,20%",457,93,"20,35%"
VAR 02,"R$ 39.176,09","R$ 57.055,11","R$ 0,00","R$ 57.055,11","145,64%","332,06","490,06","0,00","490,06","147,58%",584,134,"22,95%"
VAR 03,"R$ 40.840,20","R$ 31.080,52","R$ 0,00","R$ 31.080,52","76,10%","349,54","263,57","0,00","263,57","75,40%",482,92,"19,09%"
VAR 04,"R$ 36.192,17","R$ 32.990,93","R$ 0,00","R$ 32.990,93","91,15%","314,66","310,89","0,00","310,89","98,80%",486,78,"16,05%"
VAR 05,"R$ 38.671,47","R$ 49.063,23","R$ 0,00","R$ 49.063,23","126,87%","329,10","429,07","0,00","429,07","130,38%",564,99,"17,55%"
VAR 06,"R$ 33.494,81","R$ 40.321,62","R$ 0,00","R$ 40.321,62","120,38%","346,91","389,61","0,00","389,61","112,31%",315,98,"31,11%"
VAR 07,"R$ 36.832,08","R$ 31.005,66","R$ 0,00","R$ 31.005,66","84,18%","301,02","217,50","0,00","217,50","72,25%",326,57,"17,48%"
VAR 08,"R$ 42.521,80","R$ 52.456,96","R$ 0,00","R$ 52.456,96","123,36%","365,58","471,02","0,00","471,02","128,84%",383,93,"24,28%"
VENDEDOR INTERNO(COMERCIAL),"R$ 0,00","R$ 9.524,40","R$ 0,00","R$ 9.524,40",-,"0,00","639,10","0,00","639,10",-,0,3,-