Gerente,Supervisor,Código Vendedor,Vendedor,Departamento,,,,,Pastas,Departamentos
GERÊNCIA DIPAM,SUPERVISÃO E-COMMERCE,1300,APP,AB BRASIL,,,,,Amarela,AB BRASIL
,,,,AJINOMOTO,,,,,,CONDOR
,,,,AJINOMOTO FOOD.,,,,,,MARILAN
,,,,CONDOR,,,,,,NISSIN
,,,,MARILAN,,,,,,RED BULL
,,,,MARS,,,,,Verde,AJINOMOTO
,,,,NISSIN,,,,,,AJINOMOTO FOOD.
,,,,RED BULL,,,,,,HEMMER
,,,,YPE,,,,,,MARS
GERÊNCIA NOVOS CANAIS,SUPERVISAO NOVOS CANAIS,1301,ROTA 301,AB BRASIL,,,,,,YPE
,,,,AJINOMOTO,,,,,,
,,,,AJINOMOTO FOOD.,,,,,,
,,,,CONDOR,,,,,,
,,,,HEMMER,,,,,,
,,,,MARILAN,,,,,,
,,,,MARS,,,,,,
,,,,NISSIN,,,,,,
,,,,RED BULL,,,,,,
,,,,YPE,,,,,,
,,1302,ROTA 302,AB BRASIL,,,,,,
,,,,AJINOMOTO,,,,,,
,,,,AJINOMOTO FOOD.,,,,,,
,,,,CONDOR,,,,,,
,,,,HEMMER,,,,,,
,,,,MARILAN,,,,,,
,,,,MARS,,,,,,
,,,,NISSIN,,,,,,
,,,,RED BULL,,,,,,
,,,,YPE,,,,,,
,,1303,ROTA 303,AB BRASIL,,,,,,
,,,,AJINOMOTO,,,,,,
,,,,AJINOMOTO FOOD.,,,,,,
,,,,CONDOR,,,,,,
,,,,HEMMER,,,,,,
,,,,MARILAN,,,,,,
,,,,MARS,,,,,,
,,,,NISSIN,,,,,,
,,,,RED BULL,,,,,,
,,,,YPE,,,,,,
GERÊNCIA NUMÉRICA,SUPERVISAO CONVENIENCIA,1021,ROTA 21,AB BRASIL,,,,,,
,,,,AJINOMOTO,,,,,,
,,,,AJINOMOTO FOOD.,,,,,,
,,,,CONDOR,,,,,,
,,,,HEMMER,,,,,,
,,,,MARILAN,,,,,,
,,,,MARS,,,,,,
,,,,NISSIN,,,,,,
,,,,RED BULL,,,,,,
,,,,YPE,,,,,,
,,1022,ROTA 22,AB BRASIL,,,,,,
,,,,AJINOMOTO,,,,,,
,,,,AJINOMOTO FOOD.,,,,,,
,,,,CONDOR,,,,,,
,,,,HEMMER,,,,,,
,,,,MARILAN,,,,,,
,,,,MARS,,,,,,
,,,,NISSIN,,,,,,
,,,,RED BULL,,,,,,
,,,,YPE,,,,,,
,,1023,ROTA 23,AB BRASIL,,,,,,
,,,,AJINOMOTO,,,,,,
,,,,AJINOMOTO FOOD.,,,,,,
,,,,CONDOR,,,,,,
,,,,HEMMER,,,,,,
,,,,MARILAN,,,,,,
,,,,MARS,,,,,,
,,,,NISSIN,,,,,,
,,,,RED BULL,,,,,,
,,,,YPE,,,,,,
,,1026,ROTA 26,AB BRASIL,,,,,,
,,,,AJINOMOTO,,,,,,
,,,,AJINOMOTO FOOD.,,,,,,
,,,,CONDOR,,,,,,
,,,,HEMMER,,,,,,
,,,,MARILAN,,,,,,
,,,,MARS,,,,,,
,,,,NISSIN,,,,,,
,,,,RED BULL,,,,,,
,,,,YPE,,,,,,
,SUPERVISÃO GPOA,1051,ROTA 51,AB BRASIL,,,,,,
,,,,CONDOR,,,,,,
,,,,MARILAN,,,,,,
,,,,NISSIN,,,,,,
,,,,RED BULL,,,,,,
,,1054,ROTA 54,AB BRASIL,,,,,,
,,,,CONDOR,,,,,,
,,,,MARILAN,,,,,,
,,,,NISSIN,,,,,,
,,,,RED BULL,,,,,,
,,1055,ROTA 55,AB BRASIL,,,,,,
,,,,CONDOR,,,,,,
,,,,MARILAN,,,,,,
,,,,NISSIN,,,,,,
,,,,RED BULL,,,,,,
,,1058,ROTA 58 GERAL,AB BRASIL,,,,,,
,,,,AJINOMOTO,,,,,,
,,,,AJINOMOTO FOOD.,,,,,,
,,,,CONDOR,,,,,,
,,,,HEMMER,,,,,,
,,,,MARILAN,,,,,,
,,,,MARS,,,,,,
,,,,NISSIN,,,,,,
,,,,RED BULL,,,,,,
,,,,YPE,,,,,,
,,1059,ROTA 59 GERAL,AB BRASIL,,,,,,
,,,,AJINOMOTO,,,,,,
,,,,AJINOMOTO FOOD.,,,,,,
,,,,CONDOR,,,,,,
,,,,HEMMER,,,,,,
,,,,MARILAN,,,,,,
,,,,MARS,,,,,,
,,,,NISSIN,,,,,,
,,,,RED BULL,,,,,,
,,,,YPE,,,,,,
,,5051,ROTA 51 VD,AJINOMOTO,,,,,,
,,,,AJINOMOTO FOOD.,,,,,,
,,,,HEMMER,,,,,,
,,,,MARS,,,,,,
,,,,YPE,,,,,,
,,5054,ROTA 54 VD,AJINOMOTO,,,,,,
,,,,AJINOMOTO FOOD.,,,,,,
,,,,HEMMER,,,,,,
,,,,MARS,,,,,,
,,,,YPE,,,,,,
,,5055,ROTA 55 VD,AJINOMOTO,,,,,,
,,,,AJINOMOTO FOOD.,,,,,,
,,,,HEMMER,,,,,,
,,,,MARS,,,,,,
,,,,YPE,,,,,,
,SUPERVISÃO LITORAL,1091,ROTA 91,AB BRASIL,,,,,,
,,,,CONDOR,,,,,,
,,,,MARILAN,,,,,,
,,,,NISSIN,,,,,,
,,,,RED BULL,,,,,,
,,1092,ROTA 92,AB BRASIL,,,,,,
,,,,CONDOR,,,,,,
,,,,MARILAN,,,,,,
,,,,NISSIN,,,,,,
,,,,RED BULL,,,,,,
,,1094,ROTA 94,AB BRASIL,,,,,,
,,,,CONDOR,,,,,,
,,,,MARILAN,,,,,,
,,,,NISSIN,,,,,,
,,,,RED BULL,,,,,,
,,5091,ROTA 91 VD,AJINOMOTO,,,,,,
,,,,AJINOMOTO FOOD.,,,,,,
,,,,HEMMER,,,,,,
,,,,MARS,,,,,,
,,,,YPE,,,,,,
,,5092,ROTA 92 VD,AJINOMOTO,,,,,,
,,,,AJINOMOTO FOOD.,,,,,,
,,,,HEMMER,,,,,,
,,,,MARS,,,,,,
,,,,YPE,,,,,,
,,5094,ROTA 94 VD,AJINOMOTO,,,,,,
,,,,AJINOMOTO FOOD.,,,,,,
,,,,HEMMER,,,,,,
,,,,MARS,,,,,,
,,,,YPE,,,,,,
,SUPERVISAO POA,1031,ROTA 31,AB BRASIL,,,,,,
,,,,CONDOR,,,,,,
,,,,MARILAN,,,,,,
,,,,NISSIN,,,,,,
,,,,RED BULL,,,,,,
,,1034,ROTA 34,AB BRASIL,,,,,,
,,,,CONDOR,,,,,,
,,,,MARILAN,,,,,,
,,,,NISSIN,,,,,,
,,,,RED BULL,,,,,,
,,1036,ROTA 36,AB BRASIL,,,,,,
,,,,CONDOR,,,,,,
,,,,MARILAN,,,,,,
,,,,NISSIN,,,,,,
,,,,RED BULL,,,,,,
,,1038,ROTA 38,AB BRASIL,,,,,,
,,,,CONDOR,,,,,,
,,,,MARILAN,,,,,,
,,,,NISSIN,,,,,,
,,,,RED BULL,,,,,,
,,1041,ROTA 41,CONDOR,,,,,,
,,,,MARILAN,,,,,,
,,,,NISSIN,,,,,,
,,,,RED BULL,,,,,,
,,5031,ROTA 31 VD,AJINOMOTO,,,,,,
,,,,AJINOMOTO FOOD.,,,,,,
,,,,HEMMER,,,,,,
,,,,MARS,,,,,,
,,,,YPE,,,,,,
,,5034,ROTA 34 VD,AJINOMOTO,,,,,,
,,,,AJINOMOTO FOOD.,,,,,,
,,,,HEMMER,,,,,,
,,,,MARS,,,,,,
,,,,YPE,,,,,,
,,5036,ROTA 36 VD,AJINOMOTO,,,,,,
,,,,AJINOMOTO FOOD.,,,,,,
,,,,HEMMER,,,,,,
,,,,MARS,,,,,,
,,,,YPE,,,,,,
,,5038,ROTA 38 VD,AJINOMOTO,,,,,,
,,,,AJINOMOTO FOOD.,,,,,,
,,,,HEMMER,,,,,,
,,,,MARS,,,,,,
,,,,YPE,,,,,,
,,5041,ROTA 41 VD,AJINOMOTO,,,,,,
,,,,AJINOMOTO FOOD.,,,,,,
,,,,MARS,,,,,,
,,,,YPE,,,,,,
,SUPERVISÃO SINOS,1070,ROTA 70,AB BRASIL,,,,,,
,,,,AJINOMOTO,,,,,,
,,,,AJINOMOTO FOOD.,,,,,,
,,,,CONDOR,,,,,,
,,,,MARILAN,,,,,,
,,,,MARS,,,,,,
,,,,NISSIN,,,,,,
,,,,RED BULL,,,,,,
,,,,YPE,,,,,,
,,1071,ROTA 71,AB BRASIL,,,,,,
,,,,CONDOR,,,,,,
,,,,MARILAN,,,,,,
,,,,NISSIN,,,,,,
,,1072,ROTA 72,AB BRASIL,,,,,,
,,,,CONDOR,,,,,,
,,,,MARILAN,,,,,,
,,,,NISSIN,,,,,,
,,,,RED BULL,,,,,,
,,1074,ROTA 74,AB BRASIL,,,,,,
,,,,CONDOR,,,,,,
,,,,MARILAN,,,,,,
,,,,NISSIN,,,,,,
,,,,RED BULL,,,,,,
,,1075,ROTA 75,AB BRASIL,,,,,,
,,,,CONDOR,,,,,,
,,,,MARILAN,,,,,,
,,,,NISSIN,,,,,,
,,,,RED BULL,,,,,,
,,1077,ROTA 77,AB BRASIL,,,,,,
,,,,CONDOR,,,,,,
,,,,MARILAN,,,,,,
,,,,NISSIN,,,,,,
,,,,RED BULL,,,,,,
,,5071,ROTA 71 VD,AJINOMOTO,,,,,,
,,,,AJINOMOTO FOOD.,,,,,,
,,,,HEMMER,,,,,,
,,,,YPE,,,,,,
,,5072,ROTA 72 VD,AJINOMOTO,,,,,,
,,,,AJINOMOTO FOOD.,,,,,,
,,,,HEMMER,,,,,,
,,,,MARS,,,,,,
,,,,YPE,,,,,,
,,5074,ROTA 74 VD,AJINOMOTO,,,,,,
,,,,AJINOMOTO FOOD.,,,,,,
,,,,HEMMER,,,,,,
,,,,MARS,,,,,,
,,,,YPE,,,,,,
,,5075,ROTA 75 VD,AJINOMOTO,,,,,,
,,,,AJINOMOTO FOOD.,,,,,,
,,,,HEMMER,,,,,,
,,,,MARS,,,,,,
,,,,YPE,,,,,,
,,5077,ROTA 77 VD,AJINOMOTO,,,,,,
,,,,AJINOMOTO FOOD.,,,,,,
,,,,HEMMER,,,,,,
,,,,MARS,,,,,,
,,,,YPE,,,,,,
,SUPERVISAO VAREJINHO,6001,VAR 01,AB BRASIL,,,,,,
,,,,AJINOMOTO,,,,,,
,,,,AJINOMOTO FOOD.,,,,,,
,,,,CONDOR,,,,,,
,,,,HEMMER,,,,,,
,,,,MARILAN,,,,,,
,,,,MARS,,,,,,
,,,,NISSIN,,,,,,
,,,,RED BULL,,,,,,
,,,,YPE,,,,,,
,,6002,VAR 02,AB BRASIL,,,,,,
,,,,AJINOMOTO,,,,,,
,,,,AJINOMOTO FOOD.,,,,,,
,,,,CONDOR,,,,,,
,,,,HEMMER,,,,,,
,,,,MARILAN,,,,,,
,,,,MARS,,,,,,
,,,,NISSIN,,,,,,
,,,,RED BULL,,,,,,
,,,,YPE,,,,,,
,,6003,VAR 03,AB BRASIL,,,,,,
,,,,AJINOMOTO,,,,,,
,,,,AJINOMOTO FOOD.,,,,,,
,,,,CONDOR,,,,,,
,,,,HEMMER,,,,,,
,,,,MARILAN,,,,,,
,,,,MARS,,,,,,
,,,,NISSIN,,,,,,
,,,,RED BULL,,,,,,
,,,,YPE,,,,,,
,,6004,VAR 04,AB BRASIL,,,,,,
,,,,AJINOMOTO,,,,,,
,,,,AJINOMOTO FOOD.,,,,,,
,,,,CONDOR,,,,,,
,,,,HEMMER,,,,,,
,,,,MARILAN,,,,,,
,,,,MARS,,,,,,
,,,,NISSIN,,,,,,
,,,,RED BULL,,,,,,
,,,,YPE,,,,,,
,,6005,VAR 05,AB BRASIL,,,,,,
,,,,AJINOMOTO,,,,,,
,,,,AJINOMOTO FOOD.,,,,,,
,,,,CONDOR,,,,,,
,,,,HEMMER,,,,,,
,,,,MARILAN,,,,,,
,,,,MARS,,,,,,
,,,,NISSIN,,,,,,
,,,,RED BULL,,,,,,
,,,,YPE,,,,,,
,,6006,VAR 06,AB BRASIL,,,,,,
,,,,AJINOMOTO,,,,,,
,,,,AJINOMOTO FOOD.,,,,,,
,,,,CONDOR,,,,,,
,,,,HEMMER,,,,,,
,,,,MARILAN,,,,,,
,,,,NISSIN,,,,,,
,,,,YPE,,,,,,
,,6007,VAR 07,AB BRASIL,,,,,,
,,,,AJINOMOTO,,,,,,
,,,,AJINOMOTO FOOD.,,,,,,
,,,,CONDOR,,,,,,
,,,,HEMMER,,,,,,
,,,,MARILAN,,,,,,
,,,,MARS,,,,,,
,,,,NISSIN,,,,,,
,,,,RED BULL,,,,,,
,,,,YPE,,,,,,
,,6008,VAR 08,AB BRASIL,,,,,,
,,,,AJINOMOTO,,,,,,
,,,,AJINOMOTO FOOD.,,,,,,
,,,,CONDOR,,,,,,
,,,,HEMMER,,,,,,
,,,,MARILAN,,,,,,
,,,,MARS,,,,,,
,,,,NISSIN,,,,,,
,,,,RED BULL,,,,,,
,,,,YPE,,,,,,
GERÊNCIA PONDERADA/REDE,SUPERVISAO AMARELA,1002,ROTA 02,AB BRASIL,,,,,,
,,,,CONDOR,,,,,,
,,,,MARILAN,,,,,,
,,,,NISSIN,,,,,,
,,,,RED BULL,,,,,,
,,1003,ROTA 03,AB BRASIL,,,,,,
,,,,CONDOR,,,,,,
,,,,MARILAN,,,,,,
,,,,NISSIN,,,,,,
,,,,RED BULL,,,,,,
,,1004,ROTA 04,AB BRASIL,,,,,,
,,,,CONDOR,,,,,,
,,,,MARILAN,,,,,,
,,,,NISSIN,,,,,,
,,,,RED BULL,,,,,,
,,1005,ROTA 05,AB BRASIL,,,,,,
,,,,CONDOR,,,,,,
,,,,MARILAN,,,,,,
,,,,NISSIN,,,,,,
,,,,RED BULL,,,,,,
,,1006,ROTA 06,AB BRASIL,,,,,,
,,,,CONDOR,,,,,,
,,,,MARILAN,,,,,,
,,,,NISSIN,,,,,,
,,,,RED BULL,,,,,,
,SUPERVISAO REDE,1111,ROTA 111,AB BRASIL,,,,,,
,,,,AJINOMOTO,,,,,,
,,,,AJINOMOTO FOOD.,,,,,,
,,,,HEMMER,,,,,,
,,,,MARS,,,,,,
,,1113,ROTA 113,AB BRASIL,,,,,,
,,,,MARILAN,,,,,,
,,,,NISSIN,,,,,,
,,,,RED BULL,,,,,,
,SUPERVISÃO VERDE,1011,ROTA 11,AJINOMOTO,,,,,,
,,,,AJINOMOTO FOOD.,,,,,,
,,,,HEMMER,,,,,,
,,,,MARS,,,,,,
,,,,YPE,,,,,,
,,1012,ROTA 12,AJINOMOTO,,,,,,
,,,,AJINOMOTO FOOD.,,,,,,
,,,,HEMMER,,,,,,
,,,,MARS,,,,,,
,,,,YPE,,,,,,
,,1013,ROTA 13,AJINOMOTO,,,,,,
,,,,AJINOMOTO FOOD.,,,,,,
,,,,HEMMER,,,,,,
,,,,MARS,,,,,,
,,,,YPE,,,,,,
,,1014,ROTA 14,AJINOMOTO,,,,,,
,,,,AJINOMOTO FOOD.,,,,,,
,,,,HEMMER,,,,,,
,,,,MARS,,,,,,
,,,,YPE,,,,,,
,,1015,ROTA 15,AJINOMOTO,,,,,,
,,,,AJINOMOTO FOOD.,,,,,,
,,,,HEMMER,,,,,,
,,,,MARS,,,,,,
,,,,YPE,,,,,,